id,created_time,creator_id,modified_time,modifier_id,is_deleted,label_id,role_id
1,2023-12-06 22:37:39.000000,0,2023-12-06 22:37:39.000000,0,0,,
33,2024-07-21 07:23:01.097611,1,2024-07-21 07:23:01.097611,0,0,53.0,2.0
34,2024-07-21 07:31:34.343065,1,2024-07-21 07:31:34.343065,0,0,2.0,2.0
35,2024-07-21 07:31:34.343065,1,2024-07-21 07:31:34.343065,0,0,2.0,3.0
38,2024-07-21 07:31:48.435970,1,2024-07-21 07:31:48.435970,0,0,18.0,2.0
39,2024-07-21 07:31:48.435970,1,2024-07-21 07:31:48.435970,0,0,18.0,3.0
42,2024-07-21 07:35:22.521005,1,2024-07-21 07:35:22.521005,0,0,3.0,2.0
43,2024-07-21 07:35:22.521005,1,2024-07-21 07:35:22.521005,0,0,3.0,3.0
47,2024-07-21 07:40:12.727764,1,2024-07-21 07:40:12.727764,0,0,64.0,2.0
48,2024-07-21 07:40:12.727764,1,2024-07-21 07:40:12.727764,0,0,64.0,3.0
49,2024-07-21 07:41:59.863154,1,2024-07-21 07:41:59.863154,0,0,1.0,2.0
50,2024-07-21 07:41:59.863154,1,2024-07-21 07:41:59.863154,0,0,1.0,3.0
51,2024-07-21 07:42:04.019646,1,2024-07-21 07:42:04.019646,0,0,6.0,2.0
52,2024-07-21 07:42:04.019646,1,2024-07-21 07:42:04.019646,0,0,6.0,3.0
53,2024-07-21 07:42:07.583249,1,2024-07-21 07:42:07.583249,0,0,7.0,2.0
54,2024-07-21 07:42:07.583249,1,2024-07-21 07:42:07.583249,0,0,7.0,3.0
55,2024-07-21 07:42:11.309496,1,2024-07-21 07:42:11.309496,0,0,8.0,2.0
56,2024-07-21 07:42:11.309496,1,2024-07-21 07:42:11.309496,0,0,8.0,3.0
57,2024-07-21 07:42:15.024895,1,2024-07-21 07:42:15.024895,0,0,16.0,2.0
58,2024-07-21 07:42:15.024895,1,2024-07-21 07:42:15.024895,0,0,16.0,3.0
59,2024-07-21 07:42:18.714466,1,2024-07-21 07:42:18.714466,0,0,26.0,2.0
60,2024-07-21 07:42:18.714466,1,2024-07-21 07:42:18.714466,0,0,26.0,3.0
61,2024-07-21 07:42:21.989884,1,2024-07-21 07:42:21.989884,0,0,40.0,2.0
62,2024-07-21 07:42:21.989884,1,2024-07-21 07:42:21.989884,0,0,40.0,3.0
63,2024-07-21 07:42:25.150154,1,2024-07-21 07:42:25.150154,0,0,68.0,2.0
64,2024-07-21 07:42:25.150154,1,2024-07-21 07:42:25.150154,0,0,68.0,3.0
65,2024-07-21 07:42:28.345135,1,2024-07-21 07:42:28.345135,0,0,69.0,2.0
66,2024-07-21 07:42:28.345135,1,2024-07-21 07:42:28.345135,0,0,69.0,3.0
67,2024-07-21 07:42:32.172788,1,2024-07-21 07:42:32.172788,0,0,30.0,2.0
68,2024-07-21 07:42:32.172788,1,2024-07-21 07:42:32.172788,0,0,30.0,3.0
